{
  "category": {
    "precision": 0.9230769230769231,
    "recall": 0.9230769230769231,
    "f1-score": 0.9230769230769231,
    "support": 13,
    "confused_with": {}
  },
  "area": {
    "precision": 1.0,
    "recall": 0.42857142857142855,
    "f1-score": 0.6,
    "support": 14,
    "confused_with": {}
  },
  "micro avg": {
    "precision": 0.9473684210526315,
    "recall": 0.6666666666666666,
    "f1-score": 0.782608695652174,
    "support": 27
  },
  "macro avg": {
    "precision": 0.9615384615384616,
    "recall": 0.6758241758241759,
    "f1-score": 0.7615384615384615,
    "support": 27
  },
  "weighted avg": {
    "precision": 0.9629629629629629,
    "recall": 0.6666666666666666,
    "f1-score": 0.7555555555555555,
    "support": 27
  },
  "accuracy": 0.7222222222222222
}